Workbook
Name Slicer_City: #N/A
Name Slicer_Customer_Segment: #N/A
Name Slicer_Purchase_Channel: #N/A

Sheet Raw_Data
A1: Customer_ID | B1: Age | C1: Gender | D1: City | E1: Income_Level | F1: Occupation | G1: Purchase_Frequency | H1: Avg_Order_Value | I1: Total_Spending | J1: Product_Category | K1: Purchase_Channel | L1: Customer_Type | M1: Engagement_Level | N1: Discount_Sensitivity | O1: Last_Purchase_Date | P1: Customer_Segment
A2: ="C"&TEXT(ROW()-1,"000") -> C001 | B2: 25 | C2: Male | D2: Hyderabad | E2: Medium | F2: Student | G2: 5 | H2: 1200 | I2: =G2*H2 -> 6000 | J2: Electronics | K2: Online | L2: New | M2: Medium | N2: High | O2: 46025
A3: ="C"&TEXT(ROW()-1,"000") -> C002 | B3: 32 | C3: Female | D3: Bangalore | E3: High | F3: IT Employee | G3: 12 | H3: 2500 | I3: =G3*H3 -> 30000 | J3: Fashion | K3: Online | L3: Returning | M3: High | N3: Low | O3: 46026
A4: ="C"&TEXT(ROW()-1,"000") -> C003 | B4: 40 | C4: Male | D4: Chennai | E4: High | F4: Business | G4: 20 | H4: 3000 | I4: =G4*H4 -> 60000 | J4: Electronics | K4: Offline | L4: Returning | M4: High | N4: Low | O4: 46027
A5: ="C"&TEXT(ROW()-1,"000") -> C004 | B5: 28 | C5: Female | D5: Mumbai | E5: Medium | F5: Teacher | G5: 8 | H5: 1500 | I5: =G5*H5 -> 12000 | J5: Beauty | K5: Online | L5: Returning | M5: Medium | N5: Medium | O5: 46028
A6: ="C"&TEXT(ROW()-1,"000") -> C005 | B6: 35 | C6: Male | D6: Delhi | E6: High | F6: Manager | G6: 15 | H6: 2800 | I6: =G6*H6 -> 42000 | J6: Electronics | K6: Offline | L6: Returning | M6: High | N6: Low | O6: 46029
A7: ="C"&TEXT(ROW()-1,"000") -> C006 | B7: 21 | C7: Female | D7: Mumbai | E7: Medium | F7: HR | G7: 7 | H7: 2800 | I7: =G7*H7 -> 19600 | J7: Sports | K7: Online | L7: New | M7: High | N7: High | O7: 46030
A8: ="C"&TEXT(ROW()-1,"000") -> C007 | B8: 32 | C8: Male | D8: Delhi | E8: High | F8: Engineer | G8: 4 | H8: 2800 | I8: =G8*H8 -> 11200 | J8: Electronics | K8: Offline | L8: Returning | M8: Medium | N8: Medium | O8: 46031
A9: ="C"&TEXT(ROW()-1,"000") -> C008 | B9: 43 | C9: Female | D9: Bangalore | E9: High | F9: Designer | G9: 6 | H9: 2367 | I9: =G9*H9 -> 14202 | J9: Fashion | K9: Online | L9: New | M9: High | N9: Low | O9: 46032
A10: ="C"&TEXT(ROW()-1,"000") -> C009 | B10: 34 | C10: Male | D10: Hyderabad | E10: Medium | F10: Student | G10: 7 | H10: 4563 | I10: =G10*H10 -> 31941 | J10: Sports | K10: Offline | L10: Returning | M10: Medium | N10: High | O10: 46033
A11: ="C"&TEXT(ROW()-1,"000") -> C010 | B11: 23 | C11: Male | D11: Mumbai | E11: Medium | F11: IT Employee | G11: 5 | H11: 2345 | I11: =G11*H11 -> 11725 | J11: Beauty | K11: Online | L11: New | M11: High | N11: Medium | O11: 46034
A12: ="C"&TEXT(ROW()-1,"000") -> C011 | B12: 43 | C12: Female | D12: Delhi | E12: High | F12: Teacher | G12: 4 | H12: 1678 | I12: =G12*H12 -> 6712 | J12: Electronics | K12: Offline | L12: Returning | M12: Medium | N12: Low | O12: 46035
A13: ="C"&TEXT(ROW()-1,"000") -> C012 | B13: 33 | C13: Female | D13: Hyderabad | E13: Medium | F13: Designer | G13: 13 | H13: 3542 | I13: =G13*H13 -> 46046 | J13: Fashion | K13: Offline | L13: New | M13: High | N13: Low | O13: 46036
... A17: ="C"&TEXT(ROW()-1,"000") -> C016 | B17: 31 | C17: Female | D17: Chennai | E17: Medium | F17: IT Employee | G17: 18 | H17: 2136 | I17: =G17*H17 -> 38448 | J17: Sports | K17: Offline | L17: New | M17: High | N17: Low | O17: 46040
A18: ="C"&TEXT(ROW()-1,"000") -> C017 | B18: 22 | C18: Male | D18: Hyderabad | F18: Student | G18: 13 | H18: 2639 | I18: =G18*H18 -> 34307 | J18: Beauty | K18: Online | L18: Returning | M18: Medium | N18: Medium | O18: 46041
A19: ="C"&TEXT(ROW()-1,"000") -> C018 | B19: 39 | C19: Female | D19: Delhi | E19: High | F19: Teacher | G19: 3 | H19: 3458 | I19: =G19*H19 -> 10374 | J19: Fashion | K19: Offline | L19: New | M19: High | N19: Low | O19: 46042
A20: ="C"&TEXT(ROW()-1,"000") -> C019 | B20: 28 | C20: Male | D20: Mumbai | E20: Medium | F20: IT Employee | G20: 4 | H20: 2456 | I20: =G20*H20 -> 9824 | J20: Electronics | K20: Online | L20: Returning | M20: Medium | N20: High | O20: 46043
A21: ="C"&TEXT(ROW()-1,"000") -> C020 | B21: 30 | C21: Female | D21: Bangalore | E21: Medium | F21: Manager | G21: 5 | H21: 3236 | I21: =G21*H21 -> 16180 | J21: Beauty | K21: Offline | L21: Returning | M21: High | N21: Medium | O21: 46044
A22: ="C"&TEXT(ROW()-1,"000") -> C021 | B22: 20 | C22: Male | D22: Delhi | E22: High | F22: HR | G22: 16 | H22: 4563 | I22: =G22*H22 -> 73008 | J22: Sports | K22: Online | L22: New | M22: Medium | N22: Low | O22: 46045
A23: ="C"&TEXT(ROW()-1,"000") -> C022 | B23: 28 | C23: Female | D23: Chennai | E23: High | F23: Student | G23: 18 | H23: 2345 | I23: =G23*H23 -> 42210 | J23: Beauty | K23: od | L23: Returning | M23: High | N23: High | O23: 46046
A24: ="C"&TEXT(ROW()-1,"000") -> C023 | B24: 37 | C24: Male | D24: Hyderabad | E24: Medium | F24: Business | G24: 14 | H24: 1324 | I24: =G24*H24 -> 18536 | J24: Electronics | K24: Offline | L24: New | M24: Medium | N24: Medium | O24: 46047
A25: ="C"&TEXT(ROW()-1,"000") -> C024 | B25: 48 | C25: Female | D25: Hyderabad | E25: High | F25: Business | G25: 15 | H25: 3465 | I25: =G25*H25 -> 51975 | J25: Sports | K25: Online | L25: New | M25: High | N25: Low | O25: 46048
A26: ="C"&TEXT(ROW()-1,"000") -> C025 | B26: 45 | C26: Male | D26: Chennai | E26: Medium | F26: HR | G26: 6 | H26: 4325 | I26: =G26*H26 -> 25950 | J26: Fashion | K26: Offline | L26: New | M26: Medium | N26: Low | O26: 46049
A27: ="C"&TEXT(ROW()-1,"000") -> C026 | B27: 35 | C27: Female | D27: Mumbai | E27: High | F27: Teacher | G27: 8 | H27: 3452 | I27: =G27*H27 -> 27616 | J27: Electronics | K27: Online | L27: Returning | M27: High | N27: Medium | O27: 46050
A28: ="C"&TEXT(ROW()-1,"000") -> C027 | B28: 36 | C28: Male | D28: Bangalore | E28: Medium | F28: Manager | G28: 9 | H28: 3123 | I28: =G28*H28 -> 28107 | J28: Sports | K28: Offline | L28: Returning | M28: Medium | N28: High | O28: 46051
A29: ="C"&TEXT(ROW()-1,"000") -> C028 | B29: 26 | C29: Female | D29: Delhi | E29: High | F29: IT Employee | G29: 1 | H29: 3325 | I29: =G29*H29 -> 3325 | J29: Beauty | K29: Online | L29: Returning | M29: High | N29: Medium | O29: 46052
A30: ="C"&TEXT(ROW()-1,"000") -> C029 | B30: 36 | C30: Female | D30: Mumbai | E30: High | F30: Student | G30: 20 | H30: 3679 | I30: =G30*H30 -> 73580 | J30: Fashion | K30: Offline | L30: New | M30: Medium | N30: Low | O30: 46053
... A101: ="C"&TEXT(ROW()-1,"000") -> C100 | B101: 30 | C101: Male | D101: Chennai | E101: Medium | F101: Teacher | G101: 15 | H101: 4334 | I101: =G101*H101 -> 65010 | J101: Fashion | K101: Online | L101: Returning | M101: Medium | N101: Medium | O101: 46124

Sheet Cleaned_Data
A1: Customer_ID | B1: Age | C1: Gender | D1: City | E1: Income_Level | F1: Occupation | G1: Purchase_Frequency | H1: Avg_Order_Value | I1: Total_Spending | J1: Product_Category | K1: Purchase_Channel | L1: Customer_Type | M1: Engagement_Level | N1: Discount_Sensitivity | O1: Last_Purchase_Date | P1: Customer_Segment
A2: ="C"&TEXT(ROW()-1,"000") -> C001 | B2: 25 | C2: Male | D2: Hyderabad | E2: Medium | F2: Student | G2: 5 | H2: 1200 | I2: =G2*H2 -> 6000 | J2: Electronics | K2: Online | L2: New | M2: Medium | N2: High | O2: 46025
A3: ="C"&TEXT(ROW()-1,"000") -> C002 | B3: 32 | C3: Female | D3: Bangalore | E3: High | F3: IT Employee | G3: 12 | H3: 2500 | I3: =G3*H3 -> 30000 | J3: Fashion | K3: Online | L3: Returning | M3: High | N3: Low | O3: 46026
A4: ="C"&TEXT(ROW()-1,"000") -> C003 | B4: 40 | C4: Male | D4: Chennai | E4: High | F4: Business | G4: 20 | H4: 3000 | I4: =G4*H4 -> 60000 | J4: Electronics | K4: Offline | L4: Returning | M4: High | N4: Low | O4: 46027
A5: ="C"&TEXT(ROW()-1,"000") -> C004 | B5: 28 | C5: Female | D5: Mumbai | E5: Medium | F5: Teacher | G5: 8 | H5: 1500 | I5: =G5*H5 -> 12000 | J5: Beauty | K5: Online | L5: Returning | M5: Medium | N5: Medium | O5: 46028
A6: ="C"&TEXT(ROW()-1,"000") -> C005 | B6: 35 | C6: Male | D6: Delhi | E6: High | F6: Manager | G6: 15 | H6: 2800 | I6: =G6*H6 -> 42000 | J6: Electronics | K6: Offline | L6: Returning | M6: High | N6: Low | O6: 46029
A7: ="C"&TEXT(ROW()-1,"000") -> C006 | B7: 21 | C7: Female | D7: Mumbai | E7: Medium | F7: HR | G7: 7 | H7: 2800 | I7: =G7*H7 -> 19600 | J7: Sports | K7: Online | L7: New | M7: High | N7: High | O7: 46030
A8: ="C"&TEXT(ROW()-1,"000") -> C007 | B8: 32 | C8: Male | D8: Delhi | E8: High | F8: Engineer | G8: 4 | H8: 2800 | I8: =G8*H8 -> 11200 | J8: Electronics | K8: Offline | L8: Returning | M8: Medium | N8: Medium | O8: 46031
A9: ="C"&TEXT(ROW()-1,"000") -> C008 | B9: 43 | C9: Female | D9: Bangalore | E9: High | F9: Designer | G9: 6 | H9: 2367 | I9: =G9*H9 -> 14202 | J9: Fashion | K9: Online | L9: New | M9: High | N9: Low | O9: 46032
A10: ="C"&TEXT(ROW()-1,"000") -> C009 | B10: 34 | C10: Male | D10: Hyderabad | E10: Medium | F10: Student | G10: 7 | H10: 4563 | I10: =G10*H10 -> 31941 | J10: Sports | K10: Offline | L10: Returning | M10: Medium | N10: High | O10: 46033
A11: ="C"&TEXT(ROW()-1,"000") -> C010 | B11: 23 | C11: Male | D11: Mumbai | E11: Medium | F11: IT Employee | G11: 5 | H11: 2345 | I11: =G11*H11 -> 11725 | J11: Beauty | K11: Online | L11: New | M11: High | N11: Medium | O11: 46034
A12: ="C"&TEXT(ROW()-1,"000") -> C011 | B12: 43 | C12: Female | D12: Delhi | E12: High | F12: Teacher | G12: 4 | H12: 1678 | I12: =G12*H12 -> 6712 | J12: Electronics | K12: Offline | L12: Returning | M12: Medium | N12: Low | O12: 46035
A13: ="C"&TEXT(ROW()-1,"000") -> C012 | B13: 33 | C13: Female | D13: Hyderabad | E13: Medium | F13: Designer | G13: 13 | H13: 3542 | I13: =G13*H13 -> 46046 | J13: Fashion | K13: Offline | L13: New | M13: High | N13: Low | O13: 46036
... A17: ="C"&TEXT(ROW()-1,"000") -> C016 | B17: 31 | C17: Female | D17: Chennai | E17: Medium | F17: IT Employee | G17: 18 | H17: 2136 | I17: =G17*H17 -> 38448 | J17: Sports | K17: Offline | L17: New | M17: High | N17: Low | O17: 46040
A18: ="C"&TEXT(ROW()-1,"000") -> C017 | B18: 22 | C18: Male | D18: Hyderabad | F18: Student | G18: 13 | H18: 2639 | I18: =G18*H18 -> 34307 | J18: Beauty | K18: Online | L18: Returning | M18: Medium | N18: Medium | O18: 46041
A19: ="C"&TEXT(ROW()-1,"000") -> C018 | B19: 39 | C19: Female | D19: Delhi | E19: High | F19: Teacher | G19: 3 | H19: 3458 | I19: =G19*H19 -> 10374 | J19: Fashion | K19: Offline | L19: New | M19: High | N19: Low | O19: 46042
A20: ="C"&TEXT(ROW()-1,"000") -> C019 | B20: 28 | C20: Male | D20: Mumbai | E20: Medium | F20: IT Employee | G20: 4 | H20: 2456 | I20: =G20*H20 -> 9824 | J20: Electronics | K20: Online | L20: Returning | M20: Medium | N20: High | O20: 46043
A21: ="C"&TEXT(ROW()-1,"000") -> C020 | B21: 30 | C21: Female | D21: Bangalore | E21: Medium | F21: Manager | G21: 5 | H21: 3236 | I21: =G21*H21 -> 16180 | J21: Beauty | K21: Offline | L21: Returning | M21: High | N21: Medium | O21: 46044
A22: ="C"&TEXT(ROW()-1,"000") -> C021 | B22: 20 | C22: Male | D22: Delhi | E22: High | F22: HR | G22: 16 | H22: 4563 | I22: =G22*H22 -> 73008 | J22: Sports | K22: Online | L22: New | M22: Medium | N22: Low | O22: 46045
A23: ="C"&TEXT(ROW()-1,"000") -> C022 | B23: 28 | C23: Female | D23: Chennai | E23: High | F23: Student | G23: 18 | H23: 2345 | I23: =G23*H23 -> 42210 | J23: Beauty | K23: od | L23: Returning | M23: High | N23: High | O23: 46046
A24: ="C"&TEXT(ROW()-1,"000") -> C023 | B24: 37 | C24: Male | D24: Hyderabad | E24: Medium | F24: Business | G24: 14 | H24: 1324 | I24: =G24*H24 -> 18536 | J24: Electronics | K24: Offline | L24: New | M24: Medium | N24: Medium | O24: 46047
A25: ="C"&TEXT(ROW()-1,"000") -> C024 | B25: 48 | C25: Female | D25: Hyderabad | E25: High | F25: Business | G25: 15 | H25: 3465 | I25: =G25*H25 -> 51975 | J25: Sports | K25: Online | L25: New | M25: High | N25: Low | O25: 46048
A26: ="C"&TEXT(ROW()-1,"000") -> C025 | B26: 45 | C26: Male | D26: Chennai | E26: Medium | F26: HR | G26: 6 | H26: 4325 | I26: =G26*H26 -> 25950 | J26: Fashion | K26: Offline | L26: New | M26: Medium | N26: Low | O26: 46049
A27: ="C"&TEXT(ROW()-1,"000") -> C026 | B27: 35 | C27: Female | D27: Mumbai | E27: High | F27: Teacher | G27: 8 | H27: 3452 | I27: =G27*H27 -> 27616 | J27: Electronics | K27: Online | L27: Returning | M27: High | N27: Medium | O27: 46050
A28: ="C"&TEXT(ROW()-1,"000") -> C027 | B28: 36 | C28: Male | D28: Bangalore | E28: Medium | F28: Manager | G28: 9 | H28: 3123 | I28: =G28*H28 -> 28107 | J28: Sports | K28: Offline | L28: Returning | M28: Medium | N28: High | O28: 46051
A29: ="C"&TEXT(ROW()-1,"000") -> C028 | B29: 26 | C29: Female | D29: Delhi | E29: High | F29: IT Employee | G29: 1 | H29: 3325 | I29: =G29*H29 -> 3325 | J29: Beauty | K29: Online | L29: Returning | M29: High | N29: Medium | O29: 46052
A30: ="C"&TEXT(ROW()-1,"000") -> C029 | B30: 36 | C30: Female | D30: Mumbai | E30: High | F30: Student | G30: 20 | H30: 3679 | I30: =G30*H30 -> 73580 | J30: Fashion | K30: Offline | L30: New | M30: Medium | N30: Low | O30: 46053
... A101: ="C"&TEXT(ROW()-1,"000") -> C100 | B101: 30 | C101: Male | D101: Chennai | E101: Medium | F101: Teacher | G101: 15 | H101: 4334 | I101: =G101*H101 -> 65010 | J101: Fashion | K101: Online | L101: Returning | M101: Medium | N101: Medium | O101: 46124

Sheet Segmentation_Logic
A1: Customer_ID | B1: Age | C1: Gender | D1: City | E1: Income_Level | F1: Occupation | G1: Purchase_Frequency | H1: Avg_Order_Value | I1: Total_Spending | J1: Product_Category | K1: Purchase_Channel | L1: Customer_Type | M1: Engagement_Level | N1: Discount_Sensitivity | O1: Last_Purchase_Date | P1: Customer_Segment | Q1: Frequency_Score | R1: Spending_Score | S1: Engagement_Score | T1: Total_Score
A2: ="C"&TEXT(ROW()-1,"000") -> C001 | B2: 25 | C2: Male | D2: Hyderabad | E2: Medium | F2: Student | G2: 5 | H2: 1200 | I2: =G2*H2 -> 6000 | J2: Electronics | K2: Online | L2: New | M2: Medium | N2: High | O2: 46025 | P2: =IF(T2>=8,"Premium",IF(T2>=5,"Regular","Low Value")) -> Low Value | Q2: =IF(G2>=15,3,IF(G2>=8,2,1)) -> 1 | R2: =IF(I2>=40000,3,IF(I2>=15000,2,1)) -> 1 | S2: =IF(M2="High",3,IF(M2="Medium",2,1)) -> 2 | T2: =Q2+R2+S2 -> 4
A3: ="C"&TEXT(ROW()-1,"000") -> C002 | B3: 32 | C3: Female | D3: Bangalore | E3: High | F3: IT Employee | G3: 12 | H3: 2500 | I3: =G3*H3 -> 30000 | J3: Fashion | K3: Online | L3: Returning | M3: High | N3: Low | O3: 46026 | P3: =IF(T3>=8,"Premium",IF(T3>=5,"Regular","Low Value")) -> Regular | Q3: =IF(G3>=15,3,IF(G3>=8,2,1)) -> 2 | R3: =IF(I3>=40000,3,IF(I3>=15000,2,1)) -> 2 | S3: =IF(M3="High",3,IF(M3="Medium",2,1)) -> 3 | T3: =Q3+R3+S3 -> 7
A4: ="C"&TEXT(ROW()-1,"000") -> C003 | B4: 40 | C4: Male | D4: Chennai | E4: High | F4: Business | G4: 20 | H4: 3000 | I4: =G4*H4 -> 60000 | J4: Electronics | K4: Offline | L4: Returning | M4: High | N4: Low | O4: 46027 | P4: =IF(T4>=8,"Premium",IF(Q4,"Regular","Low Value")) -> Premium | Q4: =IF(G4>=15,3,IF(G4>=8,2,1)) -> 3 | R4: =IF(I4>=40000,3,IF(I4>=15000,2,1)) -> 3 | S4: =IF(M4="High",3,IF(M4="Medium",2,1)) -> 3 | T4: =Q4+R4+S4 -> 9
A5: ="C"&TEXT(ROW()-1,"000") -> C004 | B5: 28 | C5: Female | D5: Mumbai | E5: Medium | F5: Teacher | G5: 8 | H5: 1500 | I5: =G5*H5 -> 12000 | J5: Beauty | K5: Online | L5: Returning | M5: Medium | N5: Medium | O5: 46028 | P5: =IF(T5>=8,"Premium",IF(T5>=5,"Regular","Low Value")) -> Regular | Q5: =IF(G5>=15,3,IF(G5>=8,2,1)) -> 2 | R5: =IF(I5>=40000,3,IF(I5>=15000,2,1)) -> 1 | S5: =IF(M5="High",3,IF(M5="Medium",2,1)) -> 2 | T5: =Q5+R5+S5 -> 5
A6: ="C"&TEXT(ROW()-1,"000") -> C005 | B6: 35 | C6: Male | D6: Delhi | E6: High | F6: Manager | G6: 15 | H6: 2800 | I6: =G6*H6 -> 42000 | J6: Electronics | K6: Offline | L6: Returning | M6: High | N6: Low | O6: 46029 | P6: =IF(T6>=8,"Premium",IF(T6>=5,"Regular","Low Value")) -> Premium | Q6: =IF(G6>=15,3,IF(G6>=8,2,1)) -> 3 | R6: =IF(I6>=40000,3,IF(I6>=15000,2,1)) -> 3 | S6: =IF(M6="High",3,IF(M6="Medium",2,1)) -> 3 | T6: =Q6+R6+S6 -> 9
A7: ="C"&TEXT(ROW()-1,"000") -> C006 | B7: 21 | C7: Female | D7: Mumbai | E7: Medium | F7: HR | G7: 7 | H7: 2800 | I7: =G7*H7 -> 19600 | J7: Sports | K7: Online | L7: New | M7: High | N7: High | O7: 46030 | P7: =IF(T7>=8,"Premium",IF(T7>=5,"Regular","Low Value")) -> Regular | Q7: =IF(G7>=15,3,IF(G7>=8,2,1)) -> 1 | R7: =IF(I7>=40000,3,IF(I7>=15000,2,1)) -> 2 | S7: =IF(M7="High",3,IF(M7="Medium",2,1)) -> 3 | T7: =Q7+R7+S7 -> 6
A8: ="C"&TEXT(ROW()-1,"000") -> C007 | B8: 32 | C8: Male | D8: Delhi | E8: High | F8: Engineer | G8: 4 | H8: 2800 | I8: =G8*H8 -> 11200 | J8: Electronics | K8: Offline | L8: Returning | M8: Medium | N8: Medium | O8: 46031 | P8: =IF(T8>=8,"Premium",IF(T8>=5,"Regular","Low Value")) -> Low Value | Q8: =IF(G8>=15,3,IF(G8>=8,2,1)) -> 1 | R8: =IF(I8>=40000,3,IF(I8>=15000,2,1)) -> 1 | S8: =IF(M8="High",3,IF(M8="Medium",2,1)) -> 2 | T8: =Q8+R8+S8 -> 4
A9: ="C"&TEXT(ROW()-1,"000") -> C008 | B9: 43 | C9: Female | D9: Bangalore | E9: High | F9: Designer | G9: 6 | H9: 2367 | I9: =G9*H9 -> 14202 | J9: Fashion | K9: Online | L9: New | M9: High | N9: Low | O9: 46032 | P9: =IF(T9>=8,"Premium",IF(T9>=5,"Regular","Low Value")) -> Regular | Q9: =IF(G9>=15,3,IF(G9>=8,2,1)) -> 1 | R9: =IF(I9>=40000,3,IF(I9>=15000,2,1)) -> 1 | S9: =IF(M9="High",3,IF(M9="Medium",2,1)) -> 3 | T9: =Q9+R9+S9 -> 5
A10: ="C"&TEXT(ROW()-1,"000") -> C009 | B10: 34 | C10: Male | D10: Hyderabad | E10: Medium | F10: Student | G10: 7 | H10: 4563 | I10: =G10*H10 -> 31941 | J10: Sports | K10: Offline | L10: Returning | M10: Medium | N10: High | O10: 46033 | P10: =IF(T10>=8,"Premium",IF(T10>=5,"Regular","Low Value")) -> Regular | Q10: =IF(G10>=15,3,IF(G10>=8,2,1)) -> 1 | R10: =IF(I10>=40000,3,IF(I10>=15000,2,1)) -> 2 | S10: =IF(M10="High",3,IF(M10="Medium",2,1)) -> 2 | T10: =Q10+R10+S10 -> 5
A11: ="C"&TEXT(ROW()-1,"000") -> C010 | B11: 23 | C11: Male | D11: Mumbai | E11: Medium | F11: IT Employee | G11: 5 | H11: 2345 | I11: =G11*H11 -> 11725 | J11: Beauty | K11: Online | L11: New | M11: High | N11: Medium | O11: 46034 | P11: =IF(T11>=8,"Premium",IF(T11>=5,"Regular","Low Value")) -> Regular | Q11: =IF(G11>=15,3,IF(G11>=8,2,1)) -> 1 | R11: =IF(I11>=40000,3,IF(I11>=15000,2,1)) -> 1 | S11: =IF(M11="High",3,IF(M11="Medium",2,1)) -> 3 | T11: =Q11+R11+S11 -> 5
A12: ="C"&TEXT(ROW()-1,"000") -> C011 | B12: 43 | C12: Female | D12: Delhi | E12: High | F12: Teacher | G12: 4 | H12: 1678 | I12: =G12*H12 -> 6712 | J12: Electronics | K12: Offline | L12: Returning | M12: Medium | N12: Low | O12: 46035 | P12: =IF(T12>=8,"Premium",IF(T12>=5,"Regular","Low Value")) -> Low Value | Q12: =IF(G12>=15,3,IF(G12>=8,2,1)) -> 1 | R12: =IF(I12>=40000,3,IF(I12>=15000,2,1)) -> 1 | S12: =IF(M12="High",3,IF(M12="Medium",2,1)) -> 2 | T12: =Q12+R12+S12 -> 4
A13: ="C"&TEXT(ROW()-1,"000") -> C012 | B13: 33 | C13: Female | D13: Hyderabad | E13: Medium | F13: Designer | G13: 13 | H13: 3542 | I13: =G13*H13 -> 46046 | J13: Fashion | K13: Offline | L13: New | M13: High | N13: Low | O13: 46036 | P13: =IF(T13>=8,"Premium",IF(T13>=5,"Regular","Low Value")) -> Premium | Q13: =IF(G13>=15,3,IF(G13>=8,2,1)) -> 2 | R13: =IF(I13>=40000,3,IF(I13>=15000,2,1)) -> 3 | S13: =IF(M13="High",3,IF(M13="Medium",2,1)) -> 3 | T13: =Q13+R13+S13 -> 8
A14: ="C"&TEXT(ROW()-1,"000") -> C013 | B14: 41 | C14: Male | D14: Chennai | E14: High | F14: Manager | G14: 14 | H14: 1324 | I14: =G14*H14 -> 18536 | J14: Beauty | K14: Online | L14: Returning | M14: Medium | N14: Medium | O14: 46037 | P14: =IF(T14>=8,"Premium",IF(T14>=5,"Regular","Low Value")) -> Regular | Q14: =IF(G14>=15,3,IF(G14>=8,2,1)) -> 2 | R14: =IF(I14>=40000,3,IF(I14>=15000,2,1)) -> 2 | S14: =IF(M14="High",3,IF(M14="Medium",2,1)) -> 2 | T14: =Q14+R14+S14 -> 6
A15: ="C"&TEXT(ROW()-1,"000") -> C014 | B15: 24 | C15: Female | D15: Bangalore | E15: Medium | F15: HR | G15: 17 | H15: 4325 | I15: =G15*H15 -> 73525 | J15: Electronics | K15: Offline | L15: New | M15: High | N15: High | O15: 46038 | P15: =IF(T15>=8,"Premium",IF(T15>=5,"Regular","Low Value")) -> Premium | Q15: =IF(G15>=15,3,IF(G15>=8,2,1)) -> 3 | R15: =IF(I15>=40000,3,IF(I15>=15000,2,1)) -> 3 | S15: =IF(M15="High",3,IF(M15="Medium",2,1)) -> 3 | T15: =Q15+R15+S15 -> 9
A16: ="C"&TEXT(ROW()-1,"000") -> C015 | B16: 44 | C16: Male | D16: Hyderabad | E16: High | F16: Manager | G16: 20 | H16: 4568 | I16: =G16*H16 -> 91360 | J16: Fashion | K16: Online | L16: Returning | M16: Medium | N16: Medium | O16: 46039 | P16: =IF(T16>=8,"Premium",IF(T16>=5,"Regular","Low Value")) -> Premium | Q16: =IF(G16>=15,3,IF(G16>=8,2,1)) -> 3 | R16: =IF(I16>=40000,3,IF(I16>=15000,2,1)) -> 3 | S16: =IF(M16="High",3,IF(M16="Medium",2,1)) -> 2 | T16: =Q16+R16+S16 -> 8
A17: ="C"&TEXT(ROW()-1,"000") -> C016 | B17: 31 | C17: Female | D17: Chennai | E17: Medium | F17: IT Employee | G17: 18 | H17: 2136 | I17: =G17*H17 -> 38448 | J17: Sports | K17: Offline | L17: New | M17: High | N17: Low | O17: 46040 | P17: =IF(T17>=8,"Premium",IF(T17>=5,"Regular","Low Value")) -> Premium | Q17: =IF(G17>=15,3,IF(G17>=8,2,1)) -> 3 | R17: =IF(I17>=40000,3,IF(I17>=15000,2,1)) -> 2 | S17: =IF(M17="High",3,IF(M17="Medium",2,1)) -> 3 | T17: =Q17+R17+S17 -> 8
A18: ="C"&TEXT(ROW()-1,"000") -> C017 | B18: 22 | C18: Male | D18: Hyderabad | F18: Student | G18: 13 | H18: 2639 | I18: =G18*H18 -> 34307 | J18: Beauty | K18: Online | L18: Returning | M18: Medium | N18: Medium | O18: 46041 | P18: =IF(T18>=8,"Premium",IF(T18>=5,"Regular","Low Value")) -> Regular | Q18: =IF(G18>=15,3,IF(G18>=8,2,1)) -> 2 | R18: =IF(I18>=40000,3,IF(I18>=15000,2,1)) -> 2 | S18: =IF(M18="High",3,IF(M18="Medium",2,1)) -> 2 | T18: =Q18+R18+S18 -> 6
A19: ="C"&TEXT(ROW()-1,"000") -> C018 | B19: 39 | C19: Female | D19: Delhi | E19: High | F19: Teacher | G19: 3 | H19: 3458 | I19: =G19*H19 -> 10374 | J19: Fashion | K19: Offline | L19: New | M19: High | N19: Low | O19: 46042 | P19: =IF(T19>=8,"Premium",IF(T19>=5,"Regular","Low Value")) -> Regular | Q19: =IF(G19>=15,3,IF(G19>=8,2,1)) -> 1 | R19: =IF(I19>=40000,3,IF(I19>=15000,2,1)) -> 1 | S19: =IF(M19="High",3,IF(M19="Medium",2,1)) -> 3 | T19: =Q19+R19+S19 -> 5
A20: ="C"&TEXT(ROW()-1,"000") -> C019 | B20: 28 | C20: Male | D20: Mumbai | E20: Medium | F20: IT Employee | G20: 4 | H20: 2456 | I20: =G20*H20 -> 9824 | J20: Electronics | K20: Online | L20: Returning | M20: Medium | N20: High | O20: 46043 | P20: =IF(T20>=8,"Premium",IF(T20>=5,"Regular","Low Value")) -> Low Value | Q20: =IF(G20>=15,3,IF(G20>=8,2,1)) -> 1 | R20: =IF(I20>=40000,3,IF(I20>=15000,2,1)) -> 1 | S20: =IF(M20="High",3,IF(M20="Medium",2,1)) -> 2 | T20: =Q20+R20+S20 -> 4
A21: ="C"&TEXT(ROW()-1,"000") -> C020 | B21: 30 | C21: Female | D21: Bangalore | E21: Medium | F21: Manager | G21: 5 | H21: 3236 | I21: =G21*H21 -> 16180 | J21: Beauty | K21: Offline | L21: Returning | M21: High | N21: Medium | O21: 46044 | P21: =IF(T21>=8,"Premium",IF(T21>=5,"Regular","Low Value")) -> Regular | Q21: =IF(G21>=15,3,IF(G21>=8,2,1)) -> 1 | R21: =IF(I21>=40000,3,IF(I21>=15000,2,1)) -> 2 | S21: =IF(M21="High",3,IF(M21="Medium",2,1)) -> 3 | T21: =Q21+R21+S21 -> 6
A22: ="C"&TEXT(ROW()-1,"000") -> C021 | B22: 20 | C22: Male | D22: Delhi | E22: High | F22: HR | G22: 16 | H22: 4563 | I22: =G22*H22 -> 73008 | J22: Sports | K22: Online | L22: New | M22: Medium | N22: Low | O22: 46045 | P22: =IF(T22>=8,"Premium",IF(T22>=5,"Regular","Low Value")) -> Premium | Q22: =IF(G22>=15,3,IF(G22>=8,2,1)) -> 3 | R22: =IF(I22>=40000,3,IF(I22>=15000,2,1)) -> 3 | S22: =IF(M22="High",3,IF(M22="Medium",2,1)) -> 2 | T22: =Q22+R22+S22 -> 8
A23: ="C"&TEXT(ROW()-1,"000") -> C022 | B23: 28 | C23: Female | D23: Chennai | E23: High | F23: Student | G23: 18 | H23: 2345 | I23: =G23*H23 -> 42210 | J23: Beauty | K23: Offline | L23: Returning | M23: High | N23: High | O23: 46046 | P23: =IF(T23>=8,"Premium",IF(T23>=5,"Regular","Low Value")) -> Premium | Q23: =IF(G23>=15,3,IF(G23>=8,2,1)) -> 3 | R23: =IF(I23>=40000,3,IF(I23>=15000,2,1)) -> 3 | S23: =IF(M23="High",3,IF(M23="Medium",2,1)) -> 3 | T23: =Q23+R23+S23 -> 9
A24: ="C"&TEXT(ROW()-1,"000") -> C023 | B24: 37 | C24: Male | D24: Hyderabad | E24: Medium | F24: Business | G24: 14 | H24: 1324 | I24: =G24*H24 -> 18536 | J24: Electronics | K24: Offline | L24: New | M24: Medium | N24: Medium | O24: 46047 | P24: =IF(T24>=8,"Premium",IF(T24>=5,"Regular","Low Value")) -> Regular | Q24: =IF(G24>=15,3,IF(G24>=8,2,1)) -> 2 | R24: =IF(I24>=40000,3,IF(I24>=15000,2,1)) -> 2 | S24: =IF(M24="High",3,IF(M24="Medium",2,1)) -> 2 | T24: =Q24+R24+S24 -> 6
A25: ="C"&TEXT(ROW()-1,"000") -> C024 | B25: 48 | C25: Female | D25: Hyderabad | E25: High | F25: Business | G25: 15 | H25: 3465 | I25: =G25*H25 -> 51975 | J25: Sports | K25: Online | L25: New | M25: High | N25: Low | O25: 46048 | P25: =IF(T25>=8,"Premium",IF(T25>=5,"Regular","Low Value")) -> Premium | Q25: =IF(G25>=15,3,IF(G25>=8,2,1)) -> 3 | R25: =IF(I25>=40000,3,IF(I25>=15000,2,1)) -> 3 | S25: =IF(M25="High",3,IF(M25="Medium",2,1)) -> 3 | T25: =Q25+R25+S25 -> 9
A26: ="C"&TEXT(ROW()-1,"000") -> C025 | B26: 45 | C26: Male | D26: Chennai | E26: Medium | F26: HR | G26: 6 | H26: 4325 | I26: =G26*H26 -> 25950 | J26: Fashion | K26: Offline | L26: New | M26: Medium | N26: Low | O26: 46049 | P26: =IF(T26>=8,"Premium",IF(T26>=5,"Regular","Low Value")) -> Regular | Q26: =IF(G26>=15,3,IF(G26>=8,2,1)) -> 1 | R26: =IF(I26>=40000,3,IF(I26>=15000,2,1)) -> 2 | S26: =IF(M26="High",3,IF(M26="Medium",2,1)) -> 2 | T26: =Q26+R26+S26 -> 5
A27: ="C"&TEXT(ROW()-1,"000") -> C026 | B27: 35 | C27: Female | D27: Mumbai | E27: High | F27: Teacher | G27: 8 | H27: 3452 | I27: =G27*H27 -> 27616 | J27: Electronics | K27: Online | L27: Returning | M27: High | N27: Medium | O27: 46050 | P27: =IF(T27>=8,"Premium",IF(T27>=5,"Regular","Low Value")) -> Regular | Q27: =IF(G27>=15,3,IF(G27>=8,2,1)) -> 2 | R27: =IF(I27>=40000,3,IF(I27>=15000,2,1)) -> 2 | S27: =IF(M27="High",3,IF(M27="Medium",2,1)) -> 3 | T27: =Q27+R27+S27 -> 7
A28: ="C"&TEXT(ROW()-1,"000") -> C027 | B28: 36 | C28: Male | D28: Bangalore | E28: Medium | F28: Manager | G28: 9 | H28: 3123 | I28: =G28*H28 -> 28107 | J28: Sports | K28: Offline | L28: Returning | M28: Medium | N28: High | O28: 46051 | P28: =IF(T28>=8,"Premium",IF(T28>=5,"Regular","Low Value")) -> Regular | Q28: =IF(G28>=15,3,IF(G28>=8,2,1)) -> 2 | R28: =IF(I28>=40000,3,IF(I28>=15000,2,1)) -> 2 | S28: =IF(M28="High",3,IF(M28="Medium",2,1)) -> 2 | T28: =Q28+R28+S28 -> 6
A29: ="C"&TEXT(ROW()-1,"000") -> C028 | B29: 26 | C29: Female | D29: Delhi | E29: High | F29: IT Employee | G29: 1 | H29: 3325 | I29: =G29*H29 -> 3325 | J29: Beauty | K29: Online | L29: Returning | M29: High | N29: Medium | O29: 46052 | P29: =IF(T29>=8,"Premium",IF(T29>=5,"Regular","Low Value")) -> Regular | Q29: =IF(G29>=15,3,IF(G29>=8,2,1)) -> 1 | R29: =IF(I29>=40000,3,IF(I29>=15000,2,1)) -> 1 | S29: =IF(M29="High",3,IF(M29="Medium",2,1)) -> 3 | T29: =Q29+R29+S29 -> 5
A30: ="C"&TEXT(ROW()-1,"000") -> C029 | B30: 36 | C30: Female | D30: Mumbai | E30: High | F30: Student | G30: 20 | H30: 3679 | I30: =G30*H30 -> 73580 | J30: Fashion | K30: Offline | L30: New | M30: Medium | N30: Low | O30: 46053 | P30: =IF(T30>=8,"Premium",IF(T30>=5,"Regular","Low Value")) -> Premium | Q30: =IF(G30>=15,3,IF(G30>=8,2,1)) -> 3 | R30: =IF(I30>=40000,3,IF(I30>=15000,2,1)) -> 3 | S30: =IF(M30="High",3,IF(M30="Medium",2,1)) -> 2 | T30: =Q30+R30+S30 -> 8
... A101: ="C"&TEXT(ROW()-1,"000") -> C100 | B101: 30 | C101: Male | D101: Chennai | E101: Medium | F101: Teacher | G101: 15 | H101: 4334 | I101: =G101*H101 -> 65010 | J101: Fashion | K101: Online | L101: Returning | M101: Medium | N101: Medium | O101: 46124 | P101: =IF(T101>=8,"Premium",IF(T101>=5,"Regular","Low Value")) -> Premium | Q101: =IF(G101>=15,3,IF(G101>=8,2,1)) -> 3 | R101: =IF(I101>=40000,3,IF(I101>=15000,2,1)) -> 3 | S101: =IF(M101="High",3,IF(M101="Medium",2,1)) -> 2 | T101: =Q101+R101+S101 -> 8

Sheet KPI_Summary
A1: KPI | B1: Value
A2: Total Customers | B2: =COUNTA(Segmentation_Logic!A:A)-1 -> 100
A3: Total Revenue | B3: =SUM(Segmentation_Logic!I:I) -> 3491529
A4: Average Order Value | B4: =AVERAGE(Segmentation_Logic!H:H) -> 3087.96
A5: Premium Customers | B5: =COUNTIF(Segmentation_Logic!P:P,"Premium") -> 37
A6: Repeat Customer % | B6: =COUNTIF(Segmentation_Logic!L:L,"Returning")/COUNTA(Segmentation_Logic!A:A) -> 0.53465347

Sheet Pivot_Table
A1: Customers by Segment | I1: Revenue by Segment
A3: Row Labels | B3: Count of Customer_ID | I3: Row Labels | J3: Sum of Total_Spending
A4: Low Value | B4: 11 | I4: Low Value | J4: 94480
A5: Premium | B5: 37 | I5: Premium | J5: 2307843
A6: Regular | B6: 52 | I6: Regular | J6: 1089206
A7: Grand Total | B7: 100 | I7: Grand Total | J7: 3491529
A10: City-wise Customers | I10: Product Category Analysis
A12: Row Labels | B12: Count of Customer_ID | I12: Row Labels | J12: Sum of Total_Spending
A13: Bangalore | B13: 18 | I13: Beauty | J13: 741851
A14: Chennai | B14: 19 | I14: Electronics | J14: 667159
A15: Delhi | B15: 20 | I15: Fashion | J15: 785631
A16: Hyderabad | B16: 22 | I16: Grocery | J16: 578070
A17: Mumbai | B17: 21 | I17: Sports | J17: 718818
A18: Grand Total | B18: 100 | I18: Grand Total | J18: 3491529
A22: Channel Performance
A24: Row Labels | B24: Sum of Total_Spending
A25: od | B25: 42210
A26: Offline | B26: 1649658
A27: Online | B27: 1799661
A28: Grand Total | B28: 3491529

Sheet Dashboard
